true_subject,probe_sequence,euclidean_prediction,euclidean_distance,euclidean_correct,cosine_prediction,cosine_similarity,cosine_correct
001,nm-05,001,2.7418,True,001,0.998,True
001,nm-06,001,2.2371,True,001,0.9986,True
002,nm-05,002,3.2298,True,002,0.9968,True
002,nm-06,002,4.6524,True,002,0.9934,True
003,nm-05,003,2.5591,True,003,0.9983,True
003,nm-06,003,3.1138,True,003,0.9974,True
004,nm-05,004,1.8576,True,004,0.999,True
004,nm-06,004,1.7132,True,004,0.9992,True
006,nm-05,006,3.273,True,006,0.9971,True
006,nm-06,006,3.6123,True,006,0.9964,True
007,nm-05,007,4.451,True,007,0.9951,True
007,nm-06,007,3.8673,True,007,0.9962,True
008,nm-05,008,2.5076,True,008,0.998,True
008,nm-06,008,2.5064,True,008,0.998,True
009,nm-05,009,2.3962,True,009,0.9986,True
009,nm-06,009,3.9905,True,009,0.996,True
010,nm-05,010,4.0997,True,010,0.9951,True
010,nm-06,010,3.8518,True,010,0.9957,True
011,nm-05,011,3.0298,True,011,0.9974,True
011,nm-06,011,3.2556,True,011,0.997,True
012,nm-05,012,3.3778,True,012,0.996,True
012,nm-06,012,2.4576,True,012,0.9979,True
013,nm-05,013,3.7146,True,013,0.9966,True
013,nm-06,013,1.9002,True,013,0.9991,True
014,nm-05,014,3.6797,True,014,0.9964,True
014,nm-06,014,3.4861,True,014,0.9968,True
015,nm-05,015,3.0263,True,015,0.9974,True
015,nm-06,015,3.9294,True,015,0.9956,True
016,nm-05,016,3.0868,True,016,0.9968,True
016,nm-06,016,2.9262,True,016,0.9972,True
017,nm-05,017,3.1325,True,017,0.9975,True
017,nm-06,017,2.5452,True,017,0.9983,True
018,nm-05,018,4.1267,True,018,0.995,True
018,nm-06,018,3.5416,True,018,0.9963,True
019,nm-05,019,5.4624,True,019,0.9928,True
019,nm-06,019,6.8269,True,019,0.9884,True
020,nm-05,020,2.8608,True,020,0.9974,True
020,nm-06,020,2.5959,True,020,0.9978,True
021,nm-05,021,2.0634,True,021,0.9986,True
021,nm-06,021,2.7816,True,021,0.9974,True
022,nm-05,022,4.6248,True,022,0.9921,True
022,nm-06,022,4.3621,True,022,0.993,True
023,nm-05,023,5.6085,True,023,0.9926,True
023,nm-06,023,5.537,True,023,0.9917,True
024,nm-05,024,3.3001,True,024,0.9968,True
024,nm-06,024,3.4876,True,024,0.9964,True
025,nm-05,041,4.0539,False,041,0.9956,False
025,nm-06,025,3.6046,True,025,0.9962,True
026,nm-05,026,4.6665,True,026,0.9942,True
026,nm-06,026,2.6436,True,026,0.9981,True
027,nm-05,027,3.5593,True,027,0.9968,True
027,nm-06,027,3.9722,True,027,0.9959,True
028,nm-05,028,2.6442,True,028,0.9979,True
028,nm-06,028,3.4077,True,028,0.9966,True
029,nm-05,029,2.5217,True,029,0.9984,True
029,nm-06,029,3.8617,True,029,0.9961,True
030,nm-05,030,2.5884,True,030,0.9981,True
030,nm-06,030,3.7697,True,030,0.9958,True
031,nm-05,031,3.4502,True,031,0.9963,True
031,nm-06,031,2.5746,True,031,0.9979,True
032,nm-05,032,4.1447,True,032,0.9954,True
032,nm-06,032,3.4529,True,032,0.9966,True
033,nm-05,033,6.4604,True,033,0.9884,True
033,nm-06,120,6.4222,False,120,0.99,False
034,nm-05,034,2.3227,True,034,0.9983,True
034,nm-06,034,3.0223,True,034,0.9971,True
035,nm-05,035,2.9706,True,035,0.9977,True
035,nm-06,035,3.1146,True,035,0.9974,True
036,nm-05,036,2.7626,True,036,0.9967,True
036,nm-06,036,3.1108,True,036,0.9958,True
037,nm-05,037,3.7689,True,037,0.9946,True
037,nm-06,037,5.2958,True,037,0.9893,True
038,nm-05,038,3.0193,True,038,0.9976,True
038,nm-06,038,2.2672,True,038,0.9987,True
039,nm-05,039,2.659,True,039,0.998,True
039,nm-06,039,2.6801,True,039,0.998,True
040,nm-05,040,2.4876,True,040,0.9985,True
040,nm-06,040,3.8012,True,040,0.9962,True
041,nm-05,057,3.9124,False,057,0.9958,False
041,nm-06,041,2.9914,True,041,0.9973,True
042,nm-05,042,3.2113,True,042,0.9969,True
042,nm-06,042,3.1059,True,042,0.9971,True
043,nm-05,043,3.1363,True,043,0.997,True
043,nm-06,043,3.0031,True,043,0.9972,True
044,nm-05,044,3.1054,True,044,0.9972,True
044,nm-06,044,3.3723,True,044,0.9968,True
045,nm-05,045,4.5683,True,045,0.994,True
045,nm-06,045,2.7905,True,045,0.9977,True
046,nm-05,046,2.6391,True,046,0.9981,True
046,nm-06,046,2.5932,True,046,0.9982,True
047,nm-05,047,3.0605,True,047,0.997,True
047,nm-06,047,2.6078,True,047,0.9977,True
048,nm-05,048,3.3052,True,048,0.996,True
048,nm-06,048,3.1904,True,048,0.9961,True
049,nm-05,049,2.7836,True,049,0.9981,True
049,nm-06,049,2.6035,True,049,0.9983,True
050,nm-05,050,2.0527,True,050,0.9988,True
050,nm-06,050,2.8171,True,050,0.9978,True
051,nm-05,051,5.0178,True,051,0.9928,True
051,nm-06,051,3.8184,True,051,0.9959,True
052,nm-05,052,3.4651,True,052,0.9965,True
052,nm-06,052,3.0536,True,052,0.9973,True
053,nm-05,053,2.3939,True,053,0.9986,True
053,nm-06,053,3.5795,True,053,0.9968,True
054,nm-05,054,3.6056,True,054,0.9952,True
054,nm-06,054,3.3426,True,054,0.9963,True
055,nm-05,055,3.2587,True,055,0.9963,True
055,nm-06,055,3.3289,True,055,0.9963,True
056,nm-05,025,4.997,False,025,0.9931,False
056,nm-06,056,3.812,True,056,0.9963,True
057,nm-05,057,3.2185,True,057,0.997,True
057,nm-06,057,2.5596,True,057,0.9981,True
058,nm-05,058,2.8678,True,058,0.9973,True
058,nm-06,058,4.416,True,058,0.9938,True
059,nm-05,059,2.7941,True,059,0.998,True
059,nm-06,059,2.7713,True,059,0.9981,True
060,nm-05,060,2.8089,True,060,0.9977,True
060,nm-06,060,3.4737,True,060,0.9967,True
061,nm-05,063,4.5506,False,063,0.9938,False
061,nm-06,061,4.9794,True,061,0.993,True
062,nm-05,062,3.6732,True,062,0.9963,True
062,nm-06,062,3.0844,True,062,0.9974,True
063,nm-05,063,2.6197,True,063,0.9981,True
063,nm-06,063,2.6866,True,063,0.9981,True
064,nm-05,064,2.1475,True,064,0.9985,True
064,nm-06,064,2.6183,True,064,0.9977,True
065,nm-05,065,2.7632,True,065,0.9967,True
065,nm-06,065,2.86,True,065,0.9965,True
066,nm-05,066,3.1628,True,066,0.9969,True
066,nm-06,066,4.0247,True,066,0.995,True
067,nm-05,067,1.8977,True,067,0.999,True
067,nm-06,067,2.6797,True,067,0.998,True
068,nm-05,068,3.0298,True,068,0.9977,True
068,nm-06,068,3.0844,True,068,0.9975,True
069,nm-05,069,2.4522,True,069,0.9983,True
069,nm-06,069,3.7493,True,069,0.9961,True
070,nm-05,070,4.5525,True,070,0.9934,True
070,nm-06,070,3.5458,True,070,0.996,True
071,nm-05,071,2.1604,True,071,0.9987,True
071,nm-06,071,2.9065,True,071,0.9976,True
072,nm-05,072,3.9941,True,072,0.9954,True
072,nm-06,072,4.6942,True,072,0.9936,True
073,nm-05,073,5.6123,True,073,0.9915,True
073,nm-06,073,5.298,True,073,0.9925,True
074,nm-05,074,4.5594,True,074,0.9943,True
074,nm-06,074,4.6414,True,074,0.9943,True
075,nm-05,075,2.482,True,075,0.9982,True
075,nm-06,075,2.695,True,075,0.9979,True
076,nm-05,076,3.8256,True,076,0.9955,True
076,nm-06,076,2.8709,True,076,0.9975,True
077,nm-05,077,3.1357,True,077,0.9971,True
077,nm-06,077,2.6752,True,077,0.9979,True
078,nm-05,078,3.3164,True,078,0.9972,True
078,nm-06,078,3.4567,True,078,0.997,True
079,nm-05,079,2.4208,True,079,0.9985,True
079,nm-06,079,3.1104,True,079,0.9975,True
080,nm-05,080,3.0906,True,080,0.9973,True
080,nm-06,080,2.9749,True,080,0.9975,True
081,nm-05,081,3.0132,True,081,0.9974,True
081,nm-06,081,3.1214,True,081,0.9973,True
082,nm-05,082,2.0337,True,082,0.9987,True
082,nm-06,082,2.3333,True,082,0.9983,True
083,nm-05,083,4.2713,True,083,0.9948,True
083,nm-06,083,2.9926,True,083,0.9973,True
084,nm-05,084,3.2639,True,084,0.9968,True
084,nm-06,084,3.5927,True,084,0.9963,True
085,nm-05,085,2.9293,True,085,0.9977,True
085,nm-06,085,2.3919,True,085,0.9985,True
086,nm-05,086,2.9487,True,086,0.9973,True
086,nm-06,086,2.7839,True,086,0.9976,True
087,nm-05,087,2.5138,True,087,0.9983,True
087,nm-06,087,2.4311,True,087,0.9984,True
088,nm-05,088,2.2148,True,088,0.9988,True
088,nm-06,088,2.4256,True,088,0.9985,True
089,nm-05,089,3.0029,True,089,0.9974,True
089,nm-06,089,3.5071,True,089,0.9966,True
090,nm-05,090,3.3677,True,090,0.9968,True
090,nm-06,090,3.6369,True,090,0.9962,True
091,nm-05,091,6.219,True,091,0.9908,True
091,nm-06,091,4.2135,True,091,0.9958,True
092,nm-05,092,2.9347,True,092,0.9978,True
092,nm-06,092,3.166,True,092,0.9974,True
093,nm-05,115,4.3213,False,115,0.9952,False
093,nm-06,119,5.5783,False,119,0.9921,False
094,nm-05,094,5.2197,True,094,0.9924,True
094,nm-06,094,6.713,True,094,0.988,True
095,nm-05,015,4.5806,False,001,0.9944,False
095,nm-06,090,5.0468,False,090,0.9934,False
096,nm-05,096,5.2097,True,096,0.9894,True
096,nm-06,096,3.7561,True,096,0.9946,True
097,nm-05,097,3.1039,True,097,0.9971,True
097,nm-06,097,3.1758,True,097,0.9969,True
098,nm-05,098,3.9154,True,098,0.9963,True
098,nm-06,098,5.1397,True,098,0.9936,True
099,nm-05,099,3.1655,True,099,0.9972,True
099,nm-06,099,3.768,True,099,0.996,True
100,nm-05,100,3.8333,True,100,0.9952,True
100,nm-06,100,3.8968,True,100,0.9949,True
101,nm-05,101,3.3807,True,101,0.9967,True
101,nm-06,101,3.7491,True,101,0.996,True
102,nm-05,102,2.275,True,102,0.9985,True
102,nm-06,102,3.1528,True,102,0.9971,True
103,nm-05,103,3.1265,True,103,0.9977,True
103,nm-06,103,3.011,True,103,0.9979,True
104,nm-05,104,2.7499,True,104,0.9977,True
104,nm-06,104,2.6625,True,104,0.9978,True
105,nm-05,105,3.0094,True,105,0.9975,True
105,nm-06,105,3.568,True,105,0.9965,True
106,nm-05,106,2.1346,True,106,0.9988,True
106,nm-06,106,2.2595,True,106,0.9986,True
107,nm-05,107,3.8827,True,107,0.9958,True
107,nm-06,107,3.796,True,107,0.996,True
108,nm-05,108,3.0292,True,108,0.9978,True
108,nm-06,108,3.5485,True,108,0.997,True
109,nm-05,109,3.1931,True,109,0.9981,True
109,nm-06,109,3.1343,True,109,0.9978,True
110,nm-05,110,3.0464,True,110,0.9967,True
110,nm-06,110,3.0152,True,110,0.9967,True
111,nm-05,111,2.5388,True,111,0.9981,True
111,nm-06,111,2.2778,True,111,0.9985,True
112,nm-05,112,3.0232,True,112,0.9969,True
112,nm-06,112,4.9437,True,070,0.9917,False
113,nm-05,113,2.5971,True,113,0.9982,True
113,nm-06,113,2.7592,True,113,0.998,True
114,nm-05,114,2.9452,True,114,0.9979,True
114,nm-06,114,2.3312,True,114,0.9987,True
115,nm-05,115,3.2577,True,115,0.9973,True
115,nm-06,115,2.2738,True,115,0.9987,True
116,nm-05,116,3.6677,True,116,0.9965,True
116,nm-06,116,2.9046,True,116,0.9977,True
117,nm-05,117,2.5504,True,117,0.9979,True
117,nm-06,117,2.6572,True,117,0.9978,True
118,nm-05,118,3.1341,True,118,0.9973,True
118,nm-06,118,2.9609,True,118,0.9975,True
119,nm-05,119,2.3719,True,119,0.9985,True
119,nm-06,119,3.6743,True,119,0.9965,True
120,nm-05,120,2.2795,True,120,0.9987,True
120,nm-06,114,5.8317,False,114,0.9917,False
121,nm-05,121,1.9896,True,121,0.9988,True
121,nm-06,121,1.8749,True,121,0.9989,True
122,nm-05,122,3.0736,True,122,0.9975,True
122,nm-06,122,3.0565,True,122,0.9977,True
123,nm-05,123,3.4193,True,123,0.9965,True
123,nm-06,123,3.5006,True,123,0.9964,True
124,nm-05,124,3.9631,True,124,0.9957,True
124,nm-06,124,4.0471,True,124,0.9954,True
